symbol,eps_growth,recommendation_previous_dars_overall,active_status_by_frequency,subindustry,returns_potential_rating,average_days_to_recovery,recommendation_dars_yield_attractiveness,yield_fwd_rating,years_of_consecutive_div_increase_or_nochg,sector_average_forward_payout_ratio_ffo_count,consec_years_div_incr_rating,profit_growth_rating,ratio_payout_forward_for_rating,payout_next_count,annualized_dividend_growth_5yr_cy0,annualized_dividend_growth_5yr_cy1,returns_risk_rating,bds_reco,dgs_reco,avg_analyst_upside_rating,dars_dividend_growth_streak,price_change_precent,ratio_price_ffo,high_price_52_week,payout_next_ex_date,sector_average_forward_payout_ratio_ffo,short_name,previous_dars_overall,share_class,max_recovery_of_close_price_from_ex_date_less_2day,sector_average_ratio_price_earnings_fy1_count,industry,payout_ratio_rating,annualized_dividend_growth_3yr_cy0,years_of_consecutive_dividend_growth,annualized_dividend_growth_3yr_cy1,min_recovery_of_close_price_from_ex_date_less_1day,next_year_estimate_eps,dividend_annual_current,avg_recovery_of_close_price_from_ex_date_less_1day,returns_total_5_year_avg,payout_next_other_pay_date,sector_average_ratio_payout_forward_count,low_price_52_week,returns_total_10_year_avg,payout_next_percent_change,forward_payout_ratio_ffo,ratio_net_debt_ebitda_ttm,sector_average_ratio_price_ffo,payout_next_other_amount,returns_total_since_inception,payout_next_other_declared_date,low_vol_beta_rating,dividend_policy_status,payout_next_other_type,latest_recovery_of_close_price_from_ex_date_less_1day,float_short_percent_this_month_rating,forward_payout_ratio,payout_next_amount,div_growth_3yr_rating,dars_leverage,val_ratio_rating,payout_frequency,mix_of_recovered_bdc_payouts_exdate_less_2day,trailing_payout_ratio,returns_total_1_year,annualized_dividend_growth_10yr_cy1,recommendation_dars_overall,annualized_dividend_growth_10yr_cy0,hys_reco,dars_overall,payout_next_type,next_payout_estimated_status,annualized_dividend_growth_20yr_cy0,payout_next_other_qualified,payout_next_pay_date,annualized_dividend_growth_20yr_cy1,sector,returns_total_3_year_avg,div_safety_rating,pe_ratio,recommendation_dars_overall_change,no_analysts_rating,low_leverage_rating,inception_date,payout_next_declared_date,name,exchange,sector_average_ratio_price_ffo_count,last_price,sector_average_ratio_price_earnings_fy1,sector_average_ratio_payout_forward,previous_close_price,payout_next_other_ex_date,market_cap,latest_recovery_of_close_price_from_ex_date_less_2day,mix_of_recovered_bdc_payouts_exdate_less_1day,dars_yield_attractiveness,security_type,local_distribution_currency,max_recovery_of_close_price_from_ex_date_less_1day,price_as_of,ytd_return,dividend_yield_current,dps_reco,price_change_precent_of_52_week_high,avg_recovery_of_close_price_from_ex_date_less_2day,min_recovery_of_close_price_from_ex_date_less_2day,most_recent_continuity_window_payout_count,trailing_yield,analyst_reco_rating,payout_next_qualified,annualized_dividend_growth_1yr_cy0,annualized_dividend_growth_1yr_cy1,ltm_dividend,uuid
SPGI,0.11874617018071948,Quality,1,information-services,3,7.2,Avoid,1,53,19,5,5,0.19968518382737216,1,0.07458131835184778,0.04509579797959051,3,Sell,Sell,3,5,1.5950966955992074,61.55969893352109,545.39,2025-05-29T00:00:00.000+00:00,0.3850613118258556,S&P Global,4.6,Commons,58,522,technology-services,5,0.049698025338545726,53,0.02174590985807079,1,19.23027,3.84,8.69548,0.15920210275207847,,104,407.69,0.19045301771983425,0.0,0.4428921270744576,1.69,17.7007556374543,,0.15426866403787298,,3,DividendActive,,3,5,0.19968518382737216,0.96,3,4,5,4,1.0,0.19968518382737216,0.253476447021751,0.10305425242206989,Quality,0.11269395674088711,Sell,4.6,Regular,Estimated,0.09204205723011838,,2025-06-12T00:00:00.000+00:00,0.08685030149343986,technology,0.11943397458383509,5,27.75520052500563,No change,5,4,1990-01-02,2025-04-30T00:00:00.000+00:00,S&P Global Inc.,NYSE,133,533.74,20.835716555017687,0.24668645621659,525.36,,161705796875,4,1.0,1,stock,USD,59,2025-02-28T19:00:00.000Z,0.07364649247701127,0.007194514182935511,Sell,-2.13608610352225,10.47124,2,79,0.0068,4,Qualified,0.05494505494505497,0.0,3.64,SPGI**stock
PH,0.10033937164561658,Fair,1,flow-control-equipment,4,0.9,Avoid,1,70,31,5,5,0.22151906152838027,1,0.1312041414501679,0.10431104987648321,3,Sell,Sell,3,5,2.0625954198473266,31.942635270158863,718.44,2025-05-09T00:00:00.000+00:00,0.24464361769996798,PARKER-HANNIFIN,4.3,Commons,17,389,machinery,5,0.09105830520964941,69,0.04157511230764621,1,29.433133,6.52,2.11793,0.3122909937554581,,199,492.71,0.2049880911255273,0.0,0.3115375715567991,3.18,15.958259713074508,,0.1651332651753017,,3,DividendActive,,5,5,0.22151906152838027,1.63,4,3,5,4,0.8039000000000001,0.22151906152838027,0.25603105631155887,0.09972653839802881,Fair,0.09972653839802881,Sell,4.3,Regular,Estimated,0.12925499485105751,,2025-06-06T00:00:00.000+00:00,0.12190385150012006,industrials,0.3437773073861683,5,22.7128386230579,No change,5,4,1990-01-02,2025-04-25T00:00:00.000+00:00,PARKER-HANNIFIN CORPORATION,NYSE,253,668.51,15.712994262467086,0.2048284427261224,655.0,,84311882812,6,1.0,1,stock,USD,5,2025-02-28T19:00:00.000Z,0.053571728460312995,0.009753032864130678,Sell,-6.949780079060197,4.42085,2,143,0.0073,4,Qualified,0.023547880690737877,0.0,4.89,PH**stock
RLI,0.0515376958309478,Quality,1,p-c-insurance,3,1.4,Avoid,1,51,155,5,5,0.1856142175540934,1,0.047831688302757414,0.03922410156720635,5,Sell,Sell,3,5,0.6082242496363983,8.394512347670366,91.14,2025-05-30T00:00:00.000+00:00,0.33813088252378487,RLI,4.75,Commons,33,590,insurance,5,0.05223967696842058,51,0.038960786098575007,1,3.232511,0.6,6.3187,0.1738651401648852,,416,67.53,0.16213261522046585,0.0,0.06619407817850204,0.56,7.08072703789488,,0.17500271460715267,,5,DividendActive,,1,5,0.1856142175540934,0.15,3,5,3,4,1.0,0.1856142175540934,0.07238166518330891,0.04269049710290829,Quality,0.04812238946895775,Sell,4.75,Regular,Estimated,0.0691620489543352,,2025-06-20T00:00:00.000+00:00,0.05988195688150011,financials,0.1993415701815624,4,23.53897635615161,No change,4,5,1990-01-02,2025-05-02T00:00:00.000+00:00,RLI Corp.,NYSE,626,76.09,10.611028560718779,0.28578407242187315,75.63,,6953890137,2,1.0,1,stock,USD,32,2025-02-28T19:00:00.000Z,-0.07492568100467156,0.007885398869759495,Sell,-16.513056835637475,9.28564,2,144,0.0075,3,Qualified,0.05263157894736836,0.0,0.57,RLI**stock
GWW,0.11090042846006153,Fair,1,industrial-distribution-rental,4,0.8,Avoid,1,55,31,5,5,0.18187979107690203,1,0.06660958343847101,0.0511449274221365,4,Sell,Sell,3,5,1.0178846990859887,48.356828277075365,1227.66,2025-05-09T00:00:00.000+00:00,0.24464361769996798,WW Grainger,4.25,Commons,9,389,industrial-services,5,0.06543768237836911,54,0.039513971378626556,1,45.084723,8.2,2.18796,0.31363200688815485,,199,874.98,0.17676692075331224,0.0,0.3882903534748171,1.14,15.958259713074508,,0.14723691434257158,,4,DividendActive,,1,4,0.18187979107690203,2.05,4,4,5,4,1.0,0.18187979107690203,0.04940057136416076,0.05435453935837575,Fair,0.05974192661062605,Sell,4.25,Regular,Estimated,0.1155814938993609,,2025-05-30T00:00:00.000+00:00,0.10515843739269792,industrials,0.31147945041312086,5,22.650909932395503,No change,5,5,1990-01-02,2025-04-24T00:00:00.000+00:00,"W.W. Grainger, Inc.",NYSE,253,1021.21,15.712994262467086,0.2048284427261224,1010.92,,48743230469,3,1.0,1,stock,USD,8,2025-02-28T19:00:00.000Z,-0.02924346306237169,0.008029690269386314,Sell,-16.816545297557962,3.50977,2,143,0.008,3,Qualified,0.023720349563046028,0.0,8.2,GWW**stock
WMT,0.12080848492710186,Quality,1,mass-merchants,4,1.4,Avoid,1,53,29,5,5,0.3181052298868662,1,0.054773163227226584,0.05090942142809474,5,Sell,Sell,3,5,1.880359541274918,11.367071403236226,105.3,2025-03-21T00:00:00.000+00:00,0.21852079464821791,WALMART,4.7,Commons,13,141,retail-consumer-staples,5,0.0797760655978379,53,0.07342429478827306,1,2.954997,0.94,2.12998,0.24250780176425524,,73,58.2,0.15716613252010925,13.253012048192772,0.10835662832412586,1.54,11.381743196881661,,0.13357187797462688,,5,DividendIncrease,,1,5,0.3181052298868662,0.235,4,4,5,4,1.0,0.3181052298868662,0.6981740701166121,0.03495605866403384,Quality,0.03704906364633631,Sell,4.7,Regular,Declared,0.08045054499473658,,2025-04-07T00:00:00.000+00:00,0.07450567929204399,consumer-staples,0.31424973203469264,5,33.37059225440838,No change,5,4,1990-01-02,2025-02-20T00:00:00.000+00:00,WALMART INC.,NYSE,102,98.61,15.853751796257246,0.39713589774708635,96.79,,777551437500,4,1.0,1,stock,USD,6,2025-02-28T19:00:00.000Z,0.09142224681793043,0.009532501774667882,Sell,-6.35327635327635,5.02865,2,143,0.0084,5,Qualified,0.1325301204819278,0.0,0.83,WMT**stock
DOV,0.0916132806935644,Fair,1,flow-control-equipment,2,0.5,Avoid,1,71,31,5,5,0.20030913728604846,1,0.008974519680329474,0.006938227556860799,3,Sell,Sell,3,5,1.413265306122454,28.994951275455765,222.31,2025-05-30T00:00:00.000+00:00,0.24464361769996798,DOVER,4.45,Commons,56,389,machinery,5,0.008224053496168615,70,0.004902039121522206,1,10.284104,2.06,1.08153,0.15689375750889578,,199,163.71,0.12698872383262527,0.0,0.30049604883754527,1.75,15.958259713074508,,0.11112133004815195,,3,DividendActive,,1,5,0.20030913728604846,0.515,2,4,5,4,1.0,0.20030913728604846,0.20079111456488685,0.01820183959532562,Fair,0.023062903264821744,Sell,4.45,Regular,Estimated,0.058561669736893585,,2025-06-13T00:00:00.000+00:00,0.05470363691455016,industrials,0.10870505171398892,5,19.327886999197986,No change,5,5,1990-01-02,2025-05-02T00:00:00.000+00:00,DOVER Corp,NYSE,253,198.77,15.712994262467086,0.2048284427261224,196.0,,26966160156,2,0.8051999999999999,1,stock,USD,4,2025-02-28T19:00:00.000Z,0.062286780383795426,0.010363736982442018,Sell,-10.588817417120232,12.63053,2,143,0.0103,4,Qualified,0.004878048780487809,0.0,2.05,DOV**stock
MSA,0.0875,Fair,1,home-improvement,3,2.8,Avoid,2,56,38,5,5,0.23448275862068965,1,0.0359214157823311,0.03114187427739834,4,Hold,Hold,3,5,0.999506416584388,37.916558093749096,200.6,2025-05-14T00:00:00.000+00:00,0.29978448929441154,MSA SAFETY,4.35,Commons,14,489,home-office-products,5,0.03877046537878326,55,0.029428498400178693,1,8.7,2.04,4.39005,0.07419835252895757,,200,153.79,0.14296684479596866,0.0,0.47250933727091116,1.51,8.69999158873275,,0.14517492065755144,,4,DividendActive,,10,5,0.23448275862068965,0.51,3,4,3,4,1.0,0.23448275862068965,-0.09508198587138661,0.04528781344912325,Fair,0.04853430682983917,Sell,4.35,Regular,Estimated,0.0707333780734869,,2025-06-10T00:00:00.000+00:00,0.056467308549537965,consumer-discretionary,0.07463330594469086,4,18.816091954022987,No change,3,5,1994-01-04,2025-05-02T00:00:00.000+00:00,MSA SAFETY INC,NYSE,269,163.7,13.236240212324345,0.2749918344166601,162.08,,6361919922,8,1.0,1,stock,USD,10,2025-02-28T19:00:00.000Z,-0.009304675266678775,0.012461820403176543,Sell,-18.39481555333998,6.29721,2,143,0.0122,4,Qualified,0.020000000000000018,0.0,2.0,MSA**stock
TNC,0.13940421585160204,Fair,1,industrial-machinery,4,2.0,Avoid,2,54,31,5,5,0.1746423199485782,1,0.05803101838090052,0.04652794771578006,4,Sell,Sell,5,5,2.1477460467311866,176.67331995163806,124.11,2025-05-30T00:00:00.000+00:00,0.24464361769996798,TENNANT,3.95,Commons,12,389,machinery,5,0.051490423508049554,53,0.031552132058739746,1,6.756667,1.18,2.79939,0.053274065645147806,,199,78.57,0.04197109307190905,0.0,2.4084394355699272,1.7,15.958259713074508,,0.08726306845586884,,4,DividendActive,,1,4,0.1746423199485782,0.295,3,4,2,4,1.0,0.1746423199485782,-0.20915861182210227,0.0383402729618465,Fair,0.039630954752501335,Sell,3.95,Regular,Estimated,0.050561464687864266,,2025-06-13T00:00:00.000+00:00,0.048229092160031684,industrials,0.053925548793317235,4,12.811050181990618,No change,2,5,1992-03-03,2025-05-01T00:00:00.000+00:00,TENNANT CO,NYSE,253,86.56,15.712994262467086,0.2048284427261224,84.74,,1599930054,2,1.0,1,stock,USD,15,2025-02-28T19:00:00.000Z,0.06531338157733346,0.013632162661737524,Sell,-30.25541858029167,3.10687,2,143,0.0131,5,Qualified,0.03964757709251088,0.0,1.135,TNC**stock
NDSN,0.08207070707070707,Fair,1,industrial-machinery,2,3.4,Avoid,2,62,31,5,5,0.2912485414235706,1,0.0025840137906767424,0.05387395206178347,4,Sell,Sell,4,5,0.37708830548925637,21.78703475990393,279.38,2025-05-20T00:00:00.000+00:00,0.24464361769996798,NORDSON,4.05,Commons,18,389,machinery,5,-0.12391642569519756,62,-0.04182520985435745,1,10.7125,3.12,9.03546,0.08712426827538611,,199,196.83,0.11712946611955477,0.0,0.3232466995620346,1.08,15.958259713074508,,0.12607458850768816,,4,DividendActive,,9,4,0.2912485414235706,0.78,1,4,5,4,0.8259000000000001,0.2912485414235706,-0.20226210729618144,0.08657965368378973,Fair,0.054225888919858134,Sell,4.05,Regular,Estimated,0.08158850220871594,,2025-06-04T00:00:00.000+00:00,0.10125234706229436,industrials,-0.009465668322799492,4,19.630338389731623,No change,4,3,1990-03-26,2025-05-09T00:00:00.000+00:00,NORDSON CORPORATION,NASDAQ,253,210.29,15.712994262467086,0.2048284427261224,209.5,,11923009766,10,0.8259000000000001,1,stock,USD,17,2025-02-28T16:00:00.000Z,0.008842692190259127,0.014836654144276951,Sell,-24.729758751521224,9.62349,2,112,0.0139,4,Qualified,-0.46575342465753433,0.4999999999999998,2.92,NDSN**stock
RPM,0.11632860150192711,Fair,1,specialty-chemicals,4,4.8,Avoid,2,51,23,5,5,0.29928141651654916,1,0.06628595902634737,0.055118198683204556,4,Hold,Hold,3,5,1.7326326161931347,79.84163111377903,141.79,2025-04-18T00:00:00.000+00:00,0.18190611449939026,RPM INTERNATIONAL/DE/,4.05,Commons,6,222,chemicals,5,0.07546291626758905,51,0.050443020638550884,1,6.816327,2.04,4.64552,0.16162606405154412,,128,103.68,0.1159177260409836,0.0,1.314689865785045,3.47,10.014972054279468,,0.1322665817393951,,4,DividendActive,,1,5,0.29928141651654916,0.51,4,3,4,4,1.0,0.29928141651654916,0.09700985005929197,0.058993349425511044,Fair,0.0666566345012145,Sell,4.05,Regular,Estimated,0.06135806388311016,,2025-04-30T00:00:00.000+00:00,0.05725018116213065,materials,0.16916889682189895,4,18.175477790311408,No change,4,4,1990-03-26,2025-04-02T00:00:00.000+00:00,RPM INTERNATIONAL INC/DE/,NYSE,161,123.89,12.480283385974914,0.24944291813876512,121.78,,15657040039,2,1.0,1,stock,USD,14,2025-02-28T19:00:00.000Z,0.010802848318453684,0.016466220033901042,Hold,-12.624303547499816,2.67929,2,25,0.0157,4,Qualified,0.05154639175257736,0.0,1.94,RPM**stock
FUL,0.14935386430035213,Neutral,1,specialty-chemicals,4,3.4,Avoid,2,57,23,5,5,0.1918826316465772,1,0.06568792950866498,0.060019055038764924,3,Sell,Sell,4,5,0.6921029281277739,21.096951949279507,87.67,2025-04-24T00:00:00.000+00:00,0.18190611449939026,FULLER H B,3.55,Commons,18,222,chemicals,5,0.06465605239680117,56,0.03402580105142139,1,4.638252,0.89,3.30007,0.08966102817700317,,128,55.45,0.03644280661732169,0.0,0.3309179984994494,4.17,10.014972054279468,,0.07617986219425288,,3,DividendActive,,1,4,0.1918826316465772,0.2225,4,2,2,4,1.0,0.1918826316465772,-0.27797913816924513,0.04930739052738953,Neutral,0.05726044180179457,Sell,3.55,Regular,Estimated,0.06744654094365576,,2025-05-09T00:00:00.000+00:00,0.06581381653864615,materials,-0.0341644835909638,4,12.233056763625607,No change,4,3,2002-12-02,2025-04-11T00:00:00.000+00:00,FULLER H B CO,NYSE,161,56.74,12.480283385974914,0.24944291813876512,56.35,,3080939941,17,0.8014,1,stock,USD,17,2025-02-28T19:00:00.000Z,-0.15609978807833302,0.015685583362707086,Sell,-35.28002737538497,7.747,2,25,0.0157,3,Qualified,0.02005730659025806,0.0,0.89,FUL**stock
NUE,0.4644576096300088,Fair,1,steel-producers,3,3.0,Avoid,2,53,23,5,3,0.2046849215224055,1,0.06410526376429693,0.05107017136367298,3,Sell,Sell,3,5,1.9731473926266574,2.7059939904445356,203.0,2025-03-31T00:00:00.000+00:00,0.18190611449939026,NUCOR,3.85,Commons,23,222,iron-steel,5,0.03056536127698095,52,0.02051042387691049,1,10.748227,2.2,3.68934,0.2971065122082601,,128,112.25,0.14084448236963376,0.0,0.04330535228761168,0.39,10.014972054279468,,0.13036730279086872,,3,DividendNoChange,,1,5,0.2046849215224055,0.55,3,5,5,4,1.0,0.2046849215224055,-0.26866075640003295,0.03886907884767821,Fair,0.03956304872213745,Sell,3.85,Regular,Declared,0.1047526991349026,,2025-05-12T00:00:00.000+00:00,0.08897556383410232,materials,0.03114040938423157,4,12.790016437129584,No change,4,5,1990-01-02,2025-02-18T00:00:00.000+00:00,NUCOR CORP,NYSE,161,137.47,12.480283385974914,0.24944291813876512,134.81,,31655130859,5,1.0,1,stock,USD,22,2025-02-28T19:00:00.000Z,0.18342757461864245,0.016003491670910017,Sell,-32.2807881773399,4.99892,2,143,0.0158,4,Qualified,0.01382488479262678,0.0,2.17,NUE**stock
CBSH,0.058688641501593475,Fair,1,banks,3,14.0,Avoid,2,58,155,5,5,0.26294822812336477,1,0.1162740590509237,0.04691906856258976,5,Hold,Hold,3,5,1.4978935871430703,13.242228169974219,72.75,2025-03-07T00:00:00.000+00:00,0.33813088252378487,Commerce Bancshares,4.55,Commons,424,590,banking,5,0.05865201484451732,58,0.03510442533095737,1,4.183333,1.1,29.41425,0.08188064243843174,,416,47.89,0.09669532057571972,1.8518518518518516,0.22392699441924122,,7.08072703789488,,0.08087041194681244,,5,DividendIncrease,,59,4,0.26294822812336477,0.275,3,5,4,4,1.0,0.26294822812336477,0.3398185981248518,0.0505787135214697,Fair,0.0505787135214697,Sell,4.55,Regular,Declared,0.021675225454471647,,2025-03-25T00:00:00.000+00:00,0.020622457481116463,financials,0.04989429035896298,4,15.5498020358408,No change,4,5,1990-01-02,2025-01-31T00:00:00.000+00:00,"Commerce Bancshares, Inc.",NASDAQ,626,65.05,10.611028560718779,0.28578407242187315,64.09,,8580450195,60,1.0,1,stock,USD,423,2025-02-28T16:15:00.000Z,0.04397367998716084,0.016910069177555727,Buy,-10.58419243986255,24.34379,2,16,0.016,3,Qualified,0.05624142674219712,0.0,1.0414285713,CBSH**stock
ABT,0.10738765134783834,Fair,1,medical-devices,3,1.6,Avoid,2,54,6,5,5,0.41363023805296534,1,0.09054631459164475,0.053338899855576605,5,Sell,Sell,1,5,1.5750349598881181,21.303698811106525,138.37,2025-04-15T00:00:00.000+00:00,0.6412713393476958,ABBOTT LABORATORIES,4.45,Commons,79,368,medical-equipment-devices,4,0.07119924545175316,54,0.04299659192254368,1,5.705579,2.36,14.98862,0.14369708280182825,,60,99.71,0.13425793793154228,0.0,0.3642977262097776,0.54,12.590618876399258,,0.10593642308087503,,5,DividendNoChange,,2,5,0.41363023805296534,0.59,4,5,5,4,1.0,0.41363023805296534,0.18741829032172985,0.084874674949587,Fair,0.09186411485683466,Sell,4.45,Regular,Declared,0.03890530969361761,,2025-05-15T00:00:00.000+00:00,0.03526492384137758,health-care,0.07365124511963472,5,24.18860557359735,No change,5,5,1990-01-02,2025-02-21T00:00:00.000+00:00,ABBOTT LABORATORIES,NYSE,74,138.01,14.65328960214518,0.22494455117109588,135.87,,235642531250,3,1.0,1,stock,USD,89,2025-02-28T19:00:00.000Z,0.2266192767274251,0.017100210129700748,Sell,-0.2601720026017329,15.44655,2,142,0.0162,4,Qualified,0.05357142857142838,0.0,2.24,ABT**stock
BDX,0.0852723297734729,Fair,1,medical-equipment,3,4.5,Avoid,2,54,6,5,5,0.265877249842423,1,0.05387395206178347,0.04364022715043592,5,Hold,Hold,4,5,0.6111705924339778,22.686636675276194,251.99,2025-03-10T00:00:00.000+00:00,0.6412713393476958,Becton Dickinson and,4.35,Commons,36,368,medical-equipment-devices,5,0.05726427034643122,53,0.04171400751029397,1,15.646318,4.16,7.2198,0.0038544548001289147,,60,218.75,0.059277988205171495,0.0,0.41846498722630676,2.53,12.590618876399258,,0.12164466956134556,,5,DividendNoChange,,1,5,0.265877249842423,1.04,3,3,4,4,0.9278,0.265877249842423,-0.025521340551978744,0.04378825075164805,Fair,0.05393984183552103,Sell,4.35,Regular,Declared,0.08907382172771627,,2025-03-31T00:00:00.000+00:00,0.08015272645931915,health-care,-0.04553348515939448,4,14.414253883885014,No change,4,3,1990-01-02,2025-01-28T00:00:00.000+00:00,"Becton, Dickinson and Company",NYSE,74,225.53,14.65328960214518,0.22494455117109588,224.16,,64364281250,2,1.0,1,stock,USD,35,2025-02-28T19:00:00.000Z,-0.005906466258209564,0.018445439631091208,Hold,-10.500416683201719,8.94763,2,142,0.0172,4,Qualified,0.0694087403598973,0.0,3.8899999999999997,BDX**stock
ABM,0.09834510286608239,Quality,1,building-maintenance-services,4,8.6,Avoid,2,58,38,5,5,0.2585720286536837,1,0.07307460838754598,0.06740414764502156,4,Sell,Sell,3,5,0.685693106004443,618.3165912315297,59.78,2025-04-03T00:00:00.000+00:00,0.29978448929441154,ABM INDUSTRIES,4.6,Commons,85,489,commercial-services,5,0.09606588769527158,58,0.06199106990573111,1,4.099438,1.06,8.71447,0.12720228234028164,,200,40.5,0.07831299517847357,0.0,12.063603657379378,2.6,8.69999158873275,,0.07525564722953848,,4,DividendActive,,2,4,0.2585720286536837,0.265,4,3,1,4,1.0,0.2585720286536837,0.34382662728295155,0.04772769031025459,Quality,0.050931997388240724,Sell,4.6,Regular,Estimated,0.04675693473331499,,2025-05-06T00:00:00.000+00:00,0.043769657164505205,consumer-discretionary,0.08630139138608994,4,13.253036147881733,No change,4,3,1990-01-02,2025-03-07T00:00:00.000+00:00,ABM INDUSTRIES INC,NYSE,269,54.33,13.236240212324345,0.2749918344166601,53.96,,3357030029,3,1.0,1,stock,USD,55,2025-02-28T19:00:00.000Z,0.06705041536178125,0.01951039941100681,Sell,-9.116761458681843,13.68322,2,90,0.0173,3,Qualified,0.1276595744680853,0.0,0.9400000000000001,ABM**stock
EMR,0.09275917978960545,Fair,1,industrial-automation-controls,2,8.1,Avoid,2,69,31,5,5,0.3241591181888754,1,0.010261064691821531,0.007760387811261538,3,Hold,Sell,3,5,1.3416666666666661,25.701408751219788,134.85,2025-05-16T00:00:00.000+00:00,0.24464361769996798,EMERSON ELECTRIC,4.3,Commons,20,389,electrical-equipment,5,0.007211787609563647,68,0.003980933695144184,2,6.509149,2.11,10.8817,0.16294826821953978,,199,96.62,0.10704035964474357,0.0,0.44593349613579275,2.26,15.958259713074508,,0.11160376803403804,,3,DividendActive,,10,4,0.3241591181888754,0.5275,2,3,5,4,1.0,0.3241591181888754,0.14514889138582765,0.010273002557729116,Fair,0.011339826519286778,Sell,4.3,Regular,Estimated,0.046818254552544625,,2025-06-10T00:00:00.000+00:00,0.041813486904209274,industrials,0.13170503014714185,5,18.682933821302907,No change,5,4,1990-01-02,2025-05-08T00:00:00.000+00:00,EMERSON ELECTRIC CO.,NYSE,253,121.61,15.712994262467086,0.2048284427261224,120.0,,67668000000,3,1.0,1,stock,USD,40,2025-02-28T19:00:00.000Z,-0.014523512118280957,0.017350546830030424,Sell,-9.818316648127546,5.08405,2,121,0.0173,4,Qualified,0.00356718192627814,0.0,2.1025,EMR**stock
FMCB,,Quality,1,banks,,7.3,Avoid,2,60,155,5,,0.1719356627842485,1,0.04747625006344869,0.03983469194256162,4,,,,5,0.24096385542168677,9.613606951377333,1100.0,2025-06-11T00:00:00.000+00:00,0.33813088252378487,Farmers Merchants Bancorp,4.65,Commons,59,590,banking,,0.04820639714663133,60,0.02842417727633828,1,,18.6,1.18708,0.07990281921289899,,416,930.12,0.10613568585146349,0.0,0.1719356627842485,,7.08072703789488,,0.06470358900726736,,5,DividendActive,,1,5,,9.3,3,5,,2,1.0,,0.08563574253789752,0.03567660218406132,Quality,0.037271208560870184,,4.65,Regular,Estimated,0.04508378850804862,,2025-07-01T00:00:00.000+00:00,0.03962650088878483,financials,0.04906428776549632,,,No change,0,,2005-09-12,2025-05-15T00:00:00.000+00:00,Farmers & Merchants Bancorp,OTC,626,1040.0,10.611028560718779,0.28578407242187315,1037.5,,726039978,59,1.0,1,stock,USD,2,2025-02-28T11:19:04.000Z,-0.018867924528301883,0.017884615384615384,,-5.454545454545457,26.91723,2,51,0.0174,,Qualified,0.027624309392265234,0.0,18.1,FMCB**stock
AWR,0.05534495830174375,Fair,1,other,3,12.9,Avoid,3,72,23,5,5,0.5350574712643679,1,0.0778391180245992,0.05869369872055663,5,Hold,Hold,2,5,0.6575486586007364,20.429872915654848,87.5,2025-05-16T00:00:00.000+00:00,0.23413774617515107,AMERICAN STATES WATER,4.25,Commons,8,82,utility-networks,4,0.06881681499077952,71,0.04006518597235309,1,3.48,1.862,16.50637,0.018798955299091702,,70,66.03,0.08715427421901056,0.0,0.4970005666180994,3.74,9.399828377892177,,0.11537683309830538,,5,DividendActive,,1,5,0.5350574712643679,0.4655,4,3,4,4,0.9479000000000001,0.5350574712643679,0.0929998098643523,0.07375042340328597,Fair,0.07856624498311104,Hold,4.25,Regular,Estimated,0.0735897541669932,,2025-06-03T00:00:00.000+00:00,0.07299676844619718,utilities,-0.00886082183508663,4,21.99425287356322,No change,3,4,1998-07-01,2025-05-06T00:00:00.000+00:00,AMERICAN STATES WATER CO,NYSE,92,76.54,16.674474154307536,0.5356639526651173,76.04,,2848250000,4,0.9479000000000001,2,stock,USD,58,2025-02-28T19:00:00.000Z,-0.009066196816062355,0.024327149203031095,Buy,-12.525714285714272,3.87381,2,90,0.0178,3,Qualified,0.039642657733110154,0.0,1.361,AWR**stock
LOW,0.0954130958590346,Fair,1,home-products-stores,3,7.0,Avoid,2,53,38,5,5,0.3412251287679785,1,0.1486983549970351,0.08924936491294377,4,Hold,Hold,3,5,1.2790224032586501,15.295341131550785,287.01,2025-04-23T00:00:00.000+00:00,0.29978448929441154,LOWES,4.25,Commons,32,489,retail-discretionary,5,0.05209166181989744,53,0.018801380823012748,1,13.480836,4.6,6.41167,0.20608620010392165,,200,211.8,0.14919650695656417,0.0,0.28297365349555026,2.2,8.69999158873275,,0.18700616229697142,,4,DividendActive,,4,5,0.3412251287679785,1.15,3,3,4,4,0.7985,0.3412251287679785,0.0349573755867274,0.13211519404346994,Fair,0.15701078015542635,Sell,4.25,Regular,Estimated,0.20522534870816167,,2025-05-08T00:00:00.000+00:00,0.17591049463932573,consumer-discretionary,0.05995727926381722,4,18.443960003667428,No change,5,4,1990-01-02,2025-03-21T00:00:00.000+00:00,LOWES COMPANIES INC,NYSE,269,248.64,13.236240212324345,0.2749918344166601,245.5,,138621562500,3,1.0,1,stock,USD,31,2025-02-28T19:00:00.000Z,0.011946025404244054,0.0185006435006435,Hold,-13.368872164732936,4.82333,2,143,0.0183,4,Qualified,0.01098901098901095,0.0,4.55,LOW**stock
GRC,0.1472037586835923,Neutral,1,flow-control-equipment,3,2.9,Avoid,2,53,31,5,5,0.31827956989247314,1,0.04634750148152267,0.03107818619598368,4,Sell,Sell,5,5,0.8727849775191702,36.13701700794764,43.79,2025-05-14T00:00:00.000+00:00,0.24464361769996798,The Gorman-Rupp,3.35,Commons,16,389,machinery,4,0.02607801579603075,52,0.016281923537955878,1,2.325,0.74,2.7316,0.05738010941720484,,199,30.47,0.053830535690389425,0.0,0.7011377185600748,8.14,15.958259713074508,,0.1028093239221366,,4,DividendActive,,1,5,0.31827956989247314,0.185,2,0,4,4,1.0,0.31827956989247314,0.04295928784470204,0.05578703944160912,Neutral,0.062129985167185486,Sell,3.35,Regular,Estimated,0.060313246873658466,,2025-06-10T00:00:00.000+00:00,0.06224305565048471,industrials,0.023815445132745472,4,16.40430107526882,No change,2,3,1994-01-03,2025-04-25T00:00:00.000+00:00,The Gorman-Rupp Company,NYSE,253,38.14,15.712994262467086,0.2048284427261224,37.81,,991659973,2,1.0,1,stock,USD,15,2025-02-28T19:00:00.000Z,0.010684220228585506,0.019402202412165705,Sell,-12.9024891527746,4.95654,2,143,0.019,5,Qualified,0.020689655172414056,0.0,0.725,GRC**stock
LANC,0.056493663883545216,Fair,1,packaged-food,3,7.0,Avoid,2,63,29,5,5,0.5248618784530387,1,0.059223841048812176,0.04495298630467759,5,,,3,5,0.5946429511129798,48.902200392713155,209.81,2025-03-07T00:00:00.000+00:00,0.21852079464821791,Lancasterlony,4.55,Commons,17,141,consumer-products,,0.053497263573956566,62,0.03273326745287464,1,7.24,3.8,4.45829,0.07776680140349912,,73,163.2,0.10115559078953518,0.0,0.9721090264297446,-0.13,11.381743196881661,,0.10986009443947853,,5,DividendNoChange,,4,4,0.5248618784530387,0.95,3,5,4,4,1.0,0.5248618784530387,-0.054965541692109654,0.06366035779140522,Fair,0.07290822523535989,,4.55,Regular,Declared,0.06849651778222476,,2025-03-31T00:00:00.000+00:00,0.06642351997347196,consumer-staples,0.07031446312285161,,26.403314917127073,No change,4,,1994-01-03,2025-02-12T00:00:00.000+00:00,Lancaster Colony Corporation,NASDAQ,102,191.16,15.853751796257246,0.39713589774708635,190.03,,5239509766,5,1.0,1,stock,USD,16,2025-02-28T16:00:00.000Z,0.10404874667898811,0.01987863569784474,,-8.888994804823414,7.45213,2,143,0.0191,3,Qualified,0.041095890410958846,0.0,3.65,LANC**stock
MSEX,0.05686561121575745,Fair,1,other,3,2.5,Avoid,3,53,23,5,5,0.5354330708661418,1,0.05486474724903179,0.04193118028901366,4,,,4,5,-1.8021547502448474,18.4563073761451,70.73,2025-05-14T00:00:00.000+00:00,0.23413774617515107,MIDDLESEX WATER,3.9,Commons,62,82,utility-networks,4,0.04772165347049606,52,0.02510694034649963,1,2.54,1.36,3.15609,-0.01759584926429425,,70,45.42,0.10104788941277087,0.0,0.5007097153711817,5.19,9.399828377892177,,0.10471174965633989,,4,DividendActive,,1,4,0.5354330708661418,0.34,3,2,4,4,1.0,0.5354330708661418,-0.0004560853038519941,0.053512366162214775,Fair,0.05767862959509462,,3.9,Regular,Estimated,0.035839172992886414,,2025-06-03T00:00:00.000+00:00,0.03507498418764876,utilities,-0.1900233289340172,,19.736220472440944,No change,2,,1990-03-26,2025-04-25T00:00:00.000+00:00,MIDDLESEX WATER COMPANY,NASDAQ,92,50.13,16.674474154307536,0.5356639526651173,51.05,,911510010,2,1.0,2,stock,USD,13,2025-02-28T16:00:00.000Z,-0.04121552606205525,0.02712946339517255,,-29.124840944436592,9.81726,2,92,0.0197,3,Qualified,0.034220532319391817,0.0,0.99,MSEX**stock
CINF,0.5113628287785449,Fair,1,p-c-insurance,4,6.0,Avoid,3,65,155,5,3,0.4317598581445542,1,0.0771435877927431,0.0666839012752738,5,Hold,Hold,3,5,2.255274991352467,8.556356080713545,161.74,2025-03-24T00:00:00.000+00:00,0.33813088252378487,CINCINNATI FINANCIAL,4.25,Commons,48,590,insurance,3,0.08033070725628866,65,0.050717574498580165,1,8.060036,3.48,5.71109,0.1259657842118138,,416,109.93,0.14055687724230226,7.4074074074074066,0.20144861079008955,-0.27,7.08072703789488,,0.10303052005998325,,5,DividendIncrease,,2,5,0.4317598581445542,0.87,4,5,4,4,1.0,0.4317598581445542,0.3355070417401398,0.061274676611179135,Fair,0.06580104590842639,Hold,4.25,Regular,Declared,0.05380673692174187,,2025-04-15T00:00:00.000+00:00,0.04887497145285513,financials,0.1003468099270528,4,18.33862776791568,No change,4,5,1994-01-03,2025-01-31T00:00:00.000+00:00,CINCINNATI FINANCIAL CORP,NASDAQ,626,147.81,10.611028560718779,0.28578407242187315,144.55,,22625539062,48,1.0,2,stock,USD,23,2025-02-28T16:00:00.000Z,0.028601252609603334,0.02354373858331642,Sell,-8.612588104365038,15.04877,2,142,0.0219,4,Qualified,0.07407407407407396,0.0,3.24,CINF**stock
CL,0.08190365853033378,Fair,1,household-products,2,1.6,Avoid,2,62,29,5,5,0.4987599580542875,1,0.02589630491023409,0.021295687600135116,5,Hold,Sell,3,5,1.0753880266075375,23.342972774244743,109.3,2025-04-18T00:00:00.000+00:00,0.21852079464821791,COLGATE-PALMOLIVE,4.2,Commons,7,141,consumer-products,4,0.02083930254095301,62,0.013700332595566689,1,4.009945,2.0,3.18421,0.08676142033564394,,73,85.32,0.04978528659351711,0.0,0.5120757436491113,1.65,11.381743196881661,,0.12479932104635094,,5,DividendActive,,5,5,0.4987599580542875,0.5,2,4,5,4,1.0,0.4987599580542875,0.07693596897864374,0.02515737350290914,Fair,0.02782373114218517,Sell,4.2,Regular,Estimated,0.06384927047840128,,2025-05-15T00:00:00.000+00:00,0.05862586584952156,consumer-staples,0.08787456943186545,4,22.735972687904695,No change,5,4,1990-01-02,2025-03-14T00:00:00.000+00:00,COLGATE-PALMOLIVE COMPANY,NYSE,102,91.17,15.853751796257246,0.39713589774708635,90.2,,73200593750,6,1.0,2,stock,USD,6,2025-02-28T19:00:00.000Z,0.008543185564404254,0.021937040693210487,Sell,-16.587374199451045,4.18421,2,143,0.0219,4,Qualified,0.0,0.0,2.0,CL**stock
ITW,0.08076927928282714,Fair,1,industrial-machinery,3,7.3,Avoid,3,56,31,5,5,0.5345443971194471,1,0.0630306735923003,0.049160304180333236,4,Hold,Hold,2,5,1.0836683898142987,34.113400325612595,279.13,2025-03-31T00:00:00.000+00:00,0.24464361769996798,ILLINOIS TOOL WORKS,3.85,Commons,22,389,machinery,3,0.05844162574054934,55,0.03446862035504772,1,11.224512,6.0,11.91622,0.12062148960710917,,199,232.77,0.12910896638230818,0.0,0.7753632924982027,1.71,15.958259713074508,,0.13914748093992135,,4,DividendNoChange,,11,4,0.5345443971194471,1.5,3,4,4,4,1.0,0.5345443971194471,0.03786309518364939,0.09595822638521723,Fair,0.11229014793451086,Hold,3.85,Regular,Declared,0.1210915282994196,,2025-04-10T00:00:00.000+00:00,0.10956947206784506,industrials,0.10325999355325255,4,23.51817165859861,No change,5,4,1990-01-02,2025-02-14T00:00:00.000+00:00,ILLINOIS TOOL WORKS INC.,NYSE,253,263.98,15.712994262467086,0.2048284427261224,261.15,,76647523438,14,1.0,2,stock,USD,23,2025-02-28T19:00:00.000Z,0.0472536765059961,0.022728994620804608,Hold,-5.42757854763013,8.49083,2,142,0.022,3,Qualified,0.0344827586206895,0.0,5.8,ITW**stock
APD,0.10175843970828545,Neutral,1,basic-diversified-chemicals,2,5.4,Avoid,3,50,23,5,5,0.5121809286283745,1,-0.07754827488373828,-0.021942006004453285,4,Sell,Sell,3,5,1.1971447776959612,20.94528301673502,341.14,2025-04-01T00:00:00.000+00:00,0.18190611449939026,AIR PRODUCTS AND CHEMICALS,3.5500000000000003,Commons,112,222,chemicals,3,-0.17945448959478782,50,-0.08456942154297553,1,13.979435,7.16,16.99606,0.10157832000534417,,128,227.53,0.0993293103856776,1.1299435028248588,0.4743578250824695,1.16,10.014972054279468,,0.12129114678141129,,4,DividendIncrease,,6,5,0.5121809286283745,1.79,1,4,5,4,1.0,0.5121809286283745,0.37585957808514614,0.04554224305450849,Neutral,0.01002890278328783,Hold,3.5500000000000003,Regular,Declared,0.05277036887158659,,2025-05-12T00:00:00.000+00:00,0.07107965213190082,materials,0.13970578463948358,4,22.615363210315724,No change,5,4,1990-01-02,2025-01-22T00:00:00.000+00:00,"AIR PRODUCTS AND CHEMICALS, INC.",NYSE,161,316.15,12.480283385974914,0.24944291813876512,312.41,,69503617188,7,1.0,2,stock,USD,111,2025-02-28T19:00:00.000Z,0.09683253948854076,0.02264747746322948,Sell,-7.325438236501148,18.20451,2,142,0.0224,4,Qualified,-0.49435028248587565,0.5,7.08,APD**stock
PG,0.06291318174627278,Fair,1,household-products,3,8.7,Avoid,3,69,29,5,5,0.546728368480254,1,0.04944675278749888,0.029624516801204814,5,Hold,Hold,2,5,1.0873989649357474,23.331029475463676,180.43,2025-04-18T00:00:00.000+00:00,0.21852079464821791,PROCTER GAMBLE,4.45,Commons,26,141,consumer-products,4,0.032920207609111074,69,0.022792524312998275,1,7.363803,4.026,7.53907,0.11684023578847902,,73,153.52,0.10462615053693414,0.0,0.540328604856286,1.17,11.381743196881661,,0.1152057825338213,,5,DividendActive,,2,5,0.546728368480254,1.0065,3,4,4,4,1.0,0.546728368480254,0.12131413805747404,0.041612827927429485,Fair,0.042645266745487076,Hold,4.45,Regular,Estimated,0.06606279602062504,,2025-05-15T00:00:00.000+00:00,0.060651240583432964,consumer-staples,0.069197939809861,5,23.607367008595965,No change,5,5,1990-01-02,2025-04-09T00:00:00.000+00:00,PROCTER & GAMBLE CO,NYSE,102,173.84,15.853751796257246,0.39713589774708635,171.97,,403244156250,3,1.0,2,stock,USD,25,2025-02-28T19:00:00.000Z,0.043281299848321186,0.02315922687528762,Buy,-3.6523859668569525,8.38969,2,143,0.0232,4,Qualified,0.0,0.0,4.026,PG**stock
PPG,0.10168189667646627,Fair,1,specialty-chemicals,3,4.5,Avoid,3,55,23,5,5,0.3136606959277501,1,0.05310074950342769,0.03774844903576846,3,Hold,Hold,3,5,-1.182197496522948,28.54726041598558,145.6,2025-05-09T00:00:00.000+00:00,0.18190611449939026,PPG INDUSTRIES,3.85,Commons,82,222,chemicals,5,0.039723466340239266,54,0.023085027917231216,1,8.671791,2.72,9.30357,0.03528065255846902,,128,110.2,0.013444568691173497,0.0,0.6858200700537076,3.23,10.014972054279468,,0.10887296538383717,,3,DividendActive,,6,5,0.3136606959277501,0.68,3,3,3,4,1.0,0.3136606959277501,-0.17042879108226827,0.05716902677373592,Fair,0.0675328461999869,Hold,3.85,Regular,Estimated,0.055125934139917065,,2025-06-12T00:00:00.000+00:00,0.053727408481313965,materials,-0.01665257912386353,4,13.056126467992598,No change,5,4,1990-01-02,2025-04-18T00:00:00.000+00:00,"PPG INDUSTRIES, INC.",NYSE,161,113.22,12.480283385974914,0.24944291813876512,113.68,,25961220703,7,1.0,2,stock,USD,81,2025-02-28,-0.04654130502316811,0.024024024024024024,Sell,-21.923076923076913,9.32908,2,143,0.0235,4,Qualified,0.022556390977443552,0.0,2.66,PPG**stock
SCL,0.3485147179688398,Fair,1,basic-diversified-chemicals,4,10.1,Avoid,3,58,23,5,4,0.3392070484581498,1,0.0638697380077593,0.04261061337837635,4,Sell,Sell,5,5,0.47177484952008975,11.926702110866373,94.76,2025-03-03T00:00:00.000+00:00,0.18190611449939026,STEPAN,3.6,Commons,17,222,chemicals,4,0.039760667079701495,57,0.015627524178942975,1,4.54,1.54,11.19867,-0.0552371715690152,,128,59.55,0.05463208170123579,0.0,0.29739509797173275,1.33,10.014972054279468,,0.08605091038691404,,4,DividendNoChange,,1,5,0.3392070484581498,0.385,3,4,3,4,1.0,0.3392070484581498,-0.2877263904463613,0.07107998006097227,Fair,0.0775062205663477,Sell,3.6,Regular,Declared,0.07074006391002996,,2025-03-14T00:00:00.000+00:00,0.06939399682761849,materials,-0.14067476277328983,4,13.603524229074889,No change,2,4,1992-03-17,2025-02-19T00:00:00.000+00:00,STEPAN COMPANY,NYSE,161,61.76,12.480283385974914,0.24944291813876512,61.47,,1382750000,2,1.0,2,stock,USD,48,2025-02-28T19:00:00.000Z,-0.045440494590417435,0.02493523316062176,Sell,-34.82482059940904,4.24853,2,142,0.0244,3,Qualified,0.019867549668874274,0.0,1.51,SCL**stock
CWT,0.09361518550474547,Fair,1,other,4,1.5,Avoid,3,59,23,5,5,0.47337278106508873,1,0.07140202794100703,0.05457794330579446,5,Hold,Hold,4,5,1.089857651245556,8.899230895936546,56.25,2025-05-02T00:00:00.000+00:00,0.23413774617515107,CALIFORNIA WATER SERVICE GROUP,4.15,Commons,5,82,utility-networks,4,0.06265856918261115,59,0.048856246288386806,1,2.535,1.2,3.37508,0.008247393002439374,,70,41.64,0.0810073124629016,0.0,0.234963191971922,4.35,9.399828377892177,,0.08402940398068659,,5,DividendActive,,2,5,0.47337278106508873,0.3,4,2,5,4,0.7995,0.47337278106508873,0.02258547740575434,0.05689833938450306,Fair,0.06001166453221951,Hold,4.15,Regular,Estimated,0.03792343890946359,,2025-05-16T00:00:00.000+00:00,0.03747029330000751,utilities,-0.0501101064704913,4,17.928994082840237,No change,3,4,1994-04-13,2025-04-24T00:00:00.000+00:00,CALIFORNIA WATER SERVICE GROUP,NYSE,92,45.45,16.674474154307536,0.5356639526651173,44.96,,2673919922,3,1.0,2,stock,USD,10,2025-02-28T19:00:00.000Z,0.010439254987236524,0.026402640264026403,Buy,-19.199999999999996,3.09232,2,108,0.0251,4,Qualified,0.0714285714285714,0.0,1.1400000000000001,CWT**stock
SYY,0.08425672406083659,Quality,1,food-products-wholesalers,2,6.5,Avoid,3,57,29,5,5,0.41159320871205624,1,0.02534857565773274,0.018646376444729995,4,Hold,Sell,3,5,1.0974304068522582,19.680747720823124,82.33,2025-04-04T00:00:00.000+00:00,0.21852079464821791,Sysco,4.6,Commons,172,141,distributors-consumer-staples,5,0.0168950793467062,56,0.008306028263465493,1,4.95635,2.04,34.14558,0.05347519244055721,,73,69.03,0.09662277246375961,0.0,0.5314896127942702,3.16,11.381743196881661,,0.1101037049011222,,4,DividendNoChange,,15,4,0.41159320871205624,0.51,2,3,5,4,1.0,0.41159320871205624,-0.029156292041318088,0.04936351973198416,Quality,0.05362114952313468,Hold,4.6,Regular,Declared,0.06135806388311016,,2025-04-25T00:00:00.000+00:00,0.054937198417394084,consumer-staples,-0.01721449239749362,4,15.241054404955259,No change,5,3,1990-01-02,2025-02-27T00:00:00.000+00:00,Sysco Corporation,NYSE,102,75.54,15.853751796257246,0.39713589774708635,74.72,,36555238281,16,1.0,2,stock,USD,170,2025-02-28T19:00:00.000Z,-0.005352553807035032,0.027005559968228753,Sell,-8.247297461435677,36.15088,2,142,0.0269,4,Qualified,0.004926108374384119,0.0,2.0300000000000002,SYY**stock
NFG,0.17076257814472595,Fair,1,other,3,1.8,Avoid,3,55,23,5,5,0.2593516736932925,1,0.030810398192892885,0.026213513069043737,5,Sell,Sell,2,5,2.2572749524068487,7.592392390073534,75.21,2025-03-27T00:00:00.000+00:00,0.23413774617515107,NATIONAL FUEL GAS,4.5,Commons,9,82,utility-networks,4,0.030947279738531064,55,0.016725500735793153,1,7.942883,2.06,2.54525,0.1968174951700703,,70,48.32,0.05001013461350934,0.0,0.20798308940892923,2.36,9.399828377892177,,0.10767562776495487,,5,DividendActive,,2,4,0.2593516736932925,0.515,3,3,2,4,1.0,0.2593516736932925,0.5982540345300795,0.024953433042721684,Fair,0.027535314709022485,Hold,4.5,Regular,Estimated,0.029576139009787727,,2025-04-15T00:00:00.000+00:00,0.027817512019276514,utilities,0.09793269098431145,4,9.467595078512424,No change,4,4,1990-01-02,2025-03-11T00:00:00.000+00:00,NATIONAL FUEL GAS CO,NYSE,92,75.2,16.674474154307536,0.5356639526651173,73.54,,6659209961,2,1.0,2,stock,USD,8,2025-02-28T19:00:00.000Z,0.2498060869364951,0.027393617021276597,Sell,-0.013296104241444784,3.29438,2,143,0.0271,3,Qualified,0.009803921568627416,0.0,2.04,NFG**stock
KO,0.07949937033886664,Fair,1,beverages,3,10.9,Avoid,3,64,29,5,5,0.6393936041207037,1,0.044617420086995985,0.039594988207552584,5,Hold,Hold,3,5,0.4797516579652733,24.52258860586266,73.53,2025-03-14T00:00:00.000+00:00,0.21852079464821791,COCALA,3.95,Commons,49,141,consumer-products,3,0.050443020638550884,64,0.03499308487181674,1,3.190523,2.04,14.71689,0.09214830110711603,,73,57.93,0.0849405378273631,5.154639175257731,0.7025148259508471,2.36,11.381743196881661,,0.10473833094649909,,5,DividendIncrease,,48,5,0.6393936041207037,0.51,3,3,5,4,1.0,0.6393936041207037,0.2326549019275832,0.038365411633855206,Fair,0.04449321611078427,Hold,3.95,Regular,Declared,0.06677322560795274,,2025-04-01T00:00:00.000+00:00,0.06135806388311016,consumer-staples,0.07928972878486351,4,22.319224779134956,No change,5,4,1990-01-02,2025-02-20T00:00:00.000+00:00,COCA COLA CO,NYSE,102,71.21,15.853751796257246,0.39713589774708635,70.87,,304811875000,49,1.0,2,stock,USD,48,2025-02-28T19:00:00.000Z,0.14375200770960483,0.028647661845246454,Buy,-3.155174758601942,14.37533,2,142,0.0272,4,Qualified,0.05154639175257736,0.0,1.94,KO**stock
SJW,0.07399507339707169,Neutral,1,other,3,3.3,Avoid,3,57,23,0,1,0.3305785123966942,1,0.059223841048812176,0.04563955259127317,5,Sell,Sell,4,5,1.7830609212481308,11.322314049586776,70.43,2025-02-03T00:00:00.000+00:00,0.23413774617515107,SJW Group,3.35,Commons,31,82,utility-networks,3,0.05566719197800074,57,0.03574416865128627,1,,1.6,2.28902,-0.019614079477281665,,70,51.17,0.08463050388788984,0.0,0.3305785123966942,8.03,9.399828377892177,,0.10940478495215111,,5,DividendActive,,2,4,,0.4,3,0,4,4,1.0,,-0.13057556940153048,0.07449039589758999,Neutral,0.07871289892416522,Sell,3.2,Regular,Estimated,0.058833053874571384,,2025-02-28T00:00:00.000+00:00,0.05630250577855023,utilities,-0.05649083769589158,2,18.89195212322782,No change,3,3,1992-03-17,2025-01-24T00:00:00.000+00:00,SJW Group,NYSE,92,54.8,16.674474154307536,0.5356639526651173,53.84,,1781469971,3,0.7781,2,stock,USD,7,2024-11-15T16:00:00.000Z,-0.1376267545310973,0.029197080291970802,Sell,-22.192247621752102,8.85813,2,82,0.0288,3,Qualified,0.05263157894736836,0.0,1.58,SJW**stock
JNJ,0.04686940462440686,Quality,1,large-pharma,3,11.8,Avoid,3,64,6,5,5,0.44755313407654224,1,0.04500825435313316,0.034316685419712556,5,Hold,Hold,2,5,0.7878824894643746,17.573231582248205,168.85,2025-05-20T00:00:00.000+00:00,0.6412713393476958,Johnson Johnson,5.0,Commons,41,368,biotech-pharma,4,0.036829205239473195,63,0.0181097726624857,1,11.082483,4.96,17.5308,0.07143173675359193,,60,140.68,0.07821354993260154,0.0,0.5281979678096661,0.0,12.590618876399258,,0.11795539603622851,,5,DividendActive,,2,5,0.44755313407654224,1.24,3,5,4,4,1.0,0.44755313407654224,0.05067847118692992,0.04644669880714769,Quality,0.05333366840693565,Hold,5.0,Regular,Estimated,0.07028287009060952,,2025-06-04T00:00:00.000+00:00,0.06323908776607956,health-care,0.03199960767540189,5,14.890164956715926,No change,5,5,1990-01-02,2025-04-16T00:00:00.000+00:00,Johnson & Johnson,NYSE,74,165.02,14.65328960214518,0.22494455117109588,163.73,,394199062500,3,1.0,2,stock,USD,51,2025-02-28T19:00:00.000Z,0.1501883914887856,0.0300569627923888,Buy,-2.268285460467867,8.51867,2,143,0.0298,4,Qualified,0.010183299389002087,0.0,4.91,JNJ**stock
ABBV,0.1328648590973122,Fair,1,large-pharma,2,12.6,Avoid,3,54,6,5,5,0.4716477171172029,1,0.06805192756514788,0.04756287562285899,5,Sell,Sell,1,5,1.9559067408057704,14.237230412057386,209.6,2025-04-15T00:00:00.000+00:00,0.6412713393476958,ABBVIE,4.5,Commons,13,368,biotech-pharma,3,0.05165892484076995,53,0.034810223898952275,1,13.908686,6.56,9.73595,0.24653469448773513,,60,153.58,0.18239016030412558,0.0,0.4468077859785507,2.33,12.590618876399258,,0.2076025529072334,,5,DividendNoChange,,8,5,0.4716477171172029,1.64,3,3,4,4,1.0,0.4716477171172029,0.21149496995518668,0.11146783540806804,Fair,0.12500705770728127,Hold,4.5,Regular,Declared,,,2025-05-15T00:00:00.000+00:00,,health-care,0.16601627944146546,4,15.028738156861115,No change,5,4,2012-12-10,2025-02-13T00:00:00.000+00:00,ABBVIE INC.,NYSE,74,209.03,14.65328960214518,0.22494455117109588,205.02,,361933062500,9,1.0,2,stock,USD,42,2025-02-28T19:00:00.000Z,0.18756689528470583,0.03138305506386643,Sell,-0.2719465648854946,8.05102,2,48,0.0301,4,Qualified,0.05806451612903207,0.0,6.29,ABBV**stock
ADM,0.07881128598862251,Fair,1,agricultural-products-wholesalers,4,4.7,Neutral,4,53,29,5,5,0.427417491138944,1,0.07214502590085092,0.06628595902634737,5,Buy,Hold,3,5,1.3092938398798013,8.413819168201401,66.08,2025-05-15T00:00:00.000+00:00,0.21852079464821791,ARCHER-DANIELS-MIDLAND,4.0,Commons,35,141,distributors-consumer-staples,4,0.08435144262509842,53,0.04260360145884445,1,4.772851,2.04,3.94469,0.0754941008033303,,73,44.92,0.02790740866542829,0.0,0.3636481165917555,2.37,11.381743196881661,,0.05905579295808483,,5,DividendActive,,3,5,0.427417491138944,0.51,4,3,5,4,0.9476,0.427417491138944,-0.09690317430880957,0.05449589185476622,Fair,0.0617963167150728,Buy,4.0,Regular,Estimated,0.09372354772644242,,2025-06-05T00:00:00.000+00:00,0.08487202094194246,consumer-staples,-0.1304072177002774,4,9.889267442038312,No change,4,4,1990-01-02,2025-05-01T00:00:00.000+00:00,ARCHER-DANIELS-MIDLAND CO,NYSE,102,47.2,15.853751796257246,0.39713589774708635,46.59,,22349550781,2,0.9476,3,stock,USD,33,2025-02-28T19:00:00.000Z,-0.0553378818035839,0.043220338983050846,Buy,-28.57142857142857,7.95314,2,143,0.0318,3,Qualified,0.020000000000000018,0.0,1.5,ADM**stock
GPC,0.11352507212605696,Fair,1,automotive-retailers,3,1.4,Avoid,4,70,38,5,5,0.46826397722509494,1,0.054488934362653785,0.0479388066538311,4,Hold,Hold,3,5,1.7849865514711856,11.792676175473927,164.45,2025-03-07T00:00:00.000+00:00,0.29978448929441154,GENUINE PARTS,4.05,Commons,129,489,retail-discretionary,4,0.04794397026595387,70,0.027317153624966783,1,8.798456,4.12,12.72509,0.10474884975326892,,200,112.74,0.05608663410854531,3.0,0.3890601044438868,1.92,8.69999158873275,,0.10081334326396796,,4,DividendIncrease,,2,4,0.46826397722509494,1.03,3,4,3,4,1.0,0.46826397722509494,-0.14414072915600884,0.0459095940209977,Fair,0.05292202633102283,Hold,4.05,Regular,Declared,0.061449557063893545,,2025-04-02T00:00:00.000+00:00,0.057372892551702526,consumer-discretionary,0.03948549232388565,4,14.193399387347053,No change,4,4,1990-01-02,2025-02-18T00:00:00.000+00:00,GENUINE PARTS CO,NYSE,269,124.88,13.236240212324345,0.2749918344166601,122.69,,17027169922,3,1.0,2,stock,USD,128,2025-02-28T19:00:00.000Z,0.0695443645083933,0.03299167200512492,Sell,-24.06202493159014,15.62311,2,142,0.032,4,Qualified,0.030000000000000027,0.0,4.0,GPC**stock
ED,0.0666102568909723,Fair,1,other,2,10.2,Avoid,4,52,23,5,5,0.5670033721691732,1,0.021295687600135116,0.018646376444729773,5,Sell,Sell,1,5,1.6012810248198501,10.234412206082787,107.75,2025-05-14T00:00:00.000+00:00,0.23413774617515107,CONSOLIDATED EDISON,4.4,Commons,324,82,utility-networks,4,0.024701278673611382,52,0.016197141530092773,1,5.996437,3.4,19.03515,0.09160208055857821,,70,85.85,0.0877690663442563,0.0,0.3427600620634503,5.35,9.399828377892177,,0.07323630231477196,,5,DividendActive,,2,3,0.5670033721691732,0.85,2,2,5,4,1.0,0.5670033721691732,0.20746760316835378,0.02408124440564663,Fair,0.02718946581592463,Hold,4.4,Regular,Estimated,0.02018093562533574,,2025-06-13T00:00:00.000+00:00,0.01973553619171753,utilities,0.09678832166914009,4,16.930053630180723,No change,4,3,1990-01-02,2025-04-18T00:00:00.000+00:00,CONSOLIDATED EDISON INC,NYSE,92,101.52,16.674474154307536,0.5356639526651173,99.92,,34643429688,2,1.0,2,stock,USD,315,2025-02-28T19:00:00.000Z,0.1478858865038648,0.033490937746256895,Sell,-5.781902552204176,20.70963,2,108,0.0327,3,Qualified,0.024096385542168752,0.0,3.32,ED**stock
KMB,0.05129087022615965,Fair,1,household-products,2,12.5,Avoid,4,54,29,5,5,0.6351614809848531,1,0.03323082314910342,0.020218369075211573,5,Hold,Sell,2,5,1.2982381054283425,16.353698518310814,149.3,2025-03-07T00:00:00.000+00:00,0.21852079464821791,KIMBERLY-CLARK,4.15,Commons,50,141,consumer-products,3,0.027947304270344864,54,0.02210656852193038,1,7.93499,5.04,24.83698,0.0517206386560245,,73,120.54,0.060873785138585434,3.278688524590164,0.580400257251507,2.51,11.381743196881661,,0.10179151193314806,,5,DividendIncrease,,50,5,0.6351614809848531,1.26,2,3,4,4,0.7875,0.6351614809848531,0.19779890602302252,0.031949088496506794,Fair,0.03654649465331983,Hold,4.3,Regular,Declared,0.05282915166719815,,2025-04-02T00:00:00.000+00:00,0.0483558506825299,consumer-staples,0.07158982277454373,4,17.8966829195752,No change,5,4,1990-01-02,2025-01-28T00:00:00.000+00:00,KIMBERLY-CLARK CORPORATION,NYSE,102,142.01,15.853751796257246,0.39713589774708635,140.19,,46498859375,50,0.7875,2,stock,USD,50,2025-02-28T19:00:00.000Z,0.08371489621489614,0.03549045841842124,Sell,-4.882786336235778,24.98236,2,142,0.0344,3,Qualified,0.032786885245901676,0.0,4.88,KMB**stock
PEP,0.06398622046175019,Fair,1,beverages,4,6.0,Avoid,4,54,29,5,5,0.6147848032002384,1,0.061452701624613804,0.04996102893172272,5,Buy,Hold,3,5,0.9538218655439998,17.851558146068054,183.41,2025-03-07T00:00:00.000+00:00,0.21852079464821791,PepsiCo,4.05,Commons,57,141,consumer-products,3,0.062005830339514345,53,0.031045102175110584,1,8.816093,5.42,35.13064,0.06060644679861271,,73,141.51,0.07567167717566647,0.0,0.630451848254961,2.27,11.381743196881661,,0.1026794099215742,,5,DividendNoChange,,56,5,0.6147848032002384,1.355,4,3,5,4,0.7846,0.6147848032002384,-0.04486173359429546,0.062357669485085365,Fair,0.0697189761444319,Buy,4.05,Regular,Declared,0.08763680550024233,,2025-03-31T00:00:00.000+00:00,0.08013257746771307,consumer-staples,0.010138067556548114,4,17.407937960727047,No change,5,4,1990-01-02,2025-02-05T00:00:00.000+00:00,"PepsiCo, Inc.",NASDAQ,102,153.47,15.853751796257246,0.39713589774708635,152.02,,208495406250,57,0.7846,2,stock,USD,56,2025-02-28T16:15:00.000Z,0.009272655530711438,0.03531634847201407,Buy,-16.32408265634371,36.84759,2,143,0.0347,4,Qualified,0.016885553470919357,0.0,5.33,PEP**stock
SWK,0.22617981974614182,Neutral,1,home-improvement,2,8.3,Avoid,4,59,38,5,4,0.5106590740380926,1,0.03363167504622577,0.019369220142405608,3,Hold,Sell,3,5,1.0746408129891387,-7.973872161725623,110.88,2025-03-04T00:00:00.000+00:00,0.29978448929441154,Stanley Black  Decker,3.1,Commons,73,489,home-office-products,3,0.010374184421706456,58,0.006172995837472772,1,6.423072,3.28,15.0416,-0.07129801307450179,,200,77.7,0.010585353562408306,0.0,-0.3022570286658967,5.27,8.69999158873275,,0.0809017841571893,,3,DividendNoChange,,38,4,0.5106590740380926,0.82,2,2,4,4,1.0,0.5106590740380926,0.0013279227264559879,0.03795025625381854,Neutral,0.04362868379841145,Hold,3.1,Regular,Declared,0.05426174900167369,,2025-03-18T00:00:00.000+00:00,0.0524454425732237,consumer-discretionary,-0.15327381268299334,3,13.47174685259639,No change,5,3,1990-01-02,2025-02-18T00:00:00.000+00:00,"Stanley Black  Decker, Inc.",NYSE,269,86.53,13.236240212324345,0.2749918344166601,85.61,,13219379883,39,1.0,2,stock,USD,70,2025-02-28T19:00:00.000Z,0.0777182712666582,0.03790592857968335,Sell,-21.960678210678207,20.93896,2,143,0.0377,3,Qualified,0.006134969325153339,0.0,3.26,SWK**stock
HRL,0.11459088905007751,Fair,1,packaged-food,3,4.8,Neutral,4,59,29,5,5,0.6435634775507305,1,0.0424022162772979,0.03116219354504124,5,Hold,Hold,3,5,0.8809020436927414,10.570598701157943,36.86,2025-04-11T00:00:00.000+00:00,0.21852079464821791,HORMEL FOODS,3.85,Commons,151,141,consumer-products,3,0.032131841953112916,59,0.015558046307322604,1,1.802464,1.16,3.48332,-0.04745644743053057,,73,27.59,0.02047502692534464,0.0,0.428288316218764,1.49,11.381743196881661,,0.09985925841560372,,5,DividendActive,,1,3,0.6435634775507305,0.29,3,4,4,4,1.0,0.6435634775507305,-0.11053669618600526,0.06726007056624139,Fair,0.08354128783391501,Hold,3.75,Regular,Estimated,0.1145822064228732,,2025-05-15T00:00:00.000+00:00,0.1105347590465442,consumer-staples,-0.14185909849579736,4,15.883812381273634,No change,4,4,1994-01-03,2025-03-25T00:00:00.000+00:00,HORMEL FOODS CORPORATION,NYSE,102,28.63,15.853751796257246,0.39713589774708635,28.38,,15580990234,7,1.0,3,stock,USD,15,2025-02-28T19:00:00.000Z,-0.07859806446352424,0.040516940272441494,Sell,-22.32772653282692,19.61374,2,99,0.0397,3,Qualified,0.01978021978021971,0.0,1.1375,HRL**stock
FRT,0.03349058720726096,Fair,1,other,2,14.3,Neutral,4,59,114,5,5,0.7107540262928497,1,-0.096355911987691,-0.049787217949485596,3,Sell,Sell,3,5,1.3556388808768354,17.029020329952775,118.34,2025-04-01T00:00:00.000+00:00,0.6667820396153005,Federal Realty Investment Trust,3.75,Commons,52,53,reit,4,-0.20019384541587526,58,-0.08727193746985784,1,3.131832,4.4,24.30059,0.023120303317205604,,19,95.97,0.006112983442770004,0.0,0.7107540262928497,6.32,11.309711218153716,,0.09913914451215144,,3,DividendNoChange,,39,4,1.4049284891399028,1.1,1,1,5,4,1.0,1.4049284891399028,0.09945599346360834,-0.015040730880474307,Fair,-0.04858189617316133,Hold,3.75,Regular,Declared,0.0006867453422725323,,2025-04-15T00:00:00.000+00:00,0.019108150699517212,real-estate,0.009866346000533488,4,33.66080939207467,No change,4,3,1990-01-02,2025-02-13T00:00:00.000+00:00,Federal Realty Investment Trust,NYSE,189,105.42,12.327606941371924,0.4598273278278916,104.01,,8911639648,26,1.0,3,stock,USD,51,2025-02-28T19:00:00.000Z,-0.048822154550491326,0.04173781066211345,Sell,-10.917694777759001,17.05169,2,143,0.0415,4,Non-Qualified,-0.49771689497716887,0.5,4.380000000000001,FRT**stock
BKH,0.050085481621451385,Fair,1,other,3,4.1,Neutral,4,55,23,5,5,0.6296270251566732,1,0.04498339791267725,0.03379455637824136,5,Sell,Hold,2,5,1.3249420337860172,6.043767998054755,65.59,2025-05-16T00:00:00.000+00:00,0.23413774617515107,Black Hills,4.2,Commons,84,82,integrated-utilities,4,0.03911404493377413,55,0.02649197754925714,1,4.294606,2.704,13.02613,0.0058858322037371735,,70,50.72,0.054633695085974265,0.0,0.2671191347947051,6.37,9.399828377892177,,0.11056674248647647,,5,DividendActive,,4,4,0.6296270251566732,0.676,3,1,4,4,0.9761,0.6296270251566732,0.24338190359696688,0.04874460700290961,Fair,0.05256558786451371,Hold,4.2,Regular,Estimated,0.03810154136724586,,2025-05-30T00:00:00.000+00:00,0.03650556413912742,utilities,0.0038177475179852483,4,14.245777144632127,No change,3,3,1990-01-02,2025-04-22T00:00:00.000+00:00,Black Hills Corporation,NYSE,92,61.18,16.674474154307536,0.5356639526651173,60.38,,4324259766,9,1.0,3,stock,USD,181,2025-02-28T19:00:00.000Z,0.05740663868517748,0.044197450147106895,Buy,-6.723585912486662,8.49677,2,143,0.0429,3,Qualified,0.040000000000000036,0.0,2.6260000000000003,BKH**stock
TGT,0.10392744042858064,Fair,1,mass-merchants,3,1.4,Avoid,4,55,29,5,5,0.4378151927344569,1,0.10822678876448855,0.07230464255611713,4,Sell,Sell,3,5,1.4204081632653018,10.048538279427618,181.86,2025-05-14T00:00:00.000+00:00,0.21852079464821791,Target,3.95,Commons,13,141,retail-consumer-staples,4,0.04198374185883513,54,0.009091407752207736,1,10.232628,4.48,6.86888,0.06334653002706503,,73,120.21,0.07953400165092317,0.0,0.3623426552787808,1.97,11.381743196881661,,0.05358163809011729,,4,DividendActive,,12,4,0.4378151927344569,1.12,3,4,1,4,0.6633,0.4378151927344569,-0.1740898869241737,0.06801905920343154,Fair,0.07567834639550997,Sell,3.95,Regular,Estimated,0.1343544410311539,,2025-06-10T00:00:00.000+00:00,0.12302976457570014,consumer-staples,-0.14835196738569345,4,12.141553469939492,No change,5,4,1990-01-02,2025-03-13T00:00:00.000+00:00,Target Corporation,NYSE,102,124.24,15.853751796257246,0.39713589774708635,122.5,,56130960938,13,0.6633,2,stock,USD,12,2025-02-28T19:00:00.000Z,-0.07285572468371881,0.0360592401802962,Sell,-31.683712746068416,7.92121,2,100,0.0448,4,Qualified,0.009009009009008917,0.0,5.5600000000000005,TGT**stock
NWN,0.05759888965995836,Fair,1,other,2,7.5,Neutral,4,70,23,5,5,0.6430446194225722,1,0.004656176580601912,0.003610202238386817,5,Hold,Sell,3,5,-0.6319883325230871,8.277001242082427,44.25,2025-04-29T00:00:00.000+00:00,0.23413774617515107,NORTHWEST NATURAL HOLDING,4.4,Commons,34,82,utility-networks,3,0.004288217122455418,70,0.0025641137884744314,1,3.048,1.96,29.01749,-0.05137697098262528,,70,34.82,0.022876119227058345,0.0,0.3968425253053218,4.69,9.399828377892177,,0.06144578946127299,,5,DividendActive,,8,4,0.6430446194225722,0.49,2,2,5,4,0.9512,0.6430446194225722,0.16314607783119706,0.004443424244942484,Fair,0.004980704691374349,Hold,4.25,Regular,Estimated,0.01919565529034073,,2025-05-15T00:00:00.000+00:00,0.01696592574647271,utilities,-0.035714155206681863,4,13.412073490813649,No change,4,4,1994-01-03,2025-04-11T00:00:00.000+00:00,NORTHWEST NATURAL HOLDING COMPANY,NYSE,92,40.88,16.674474154307536,0.5356639526651173,41.14,,1651030029,2,1.0,3,stock,USD,335,2025-02-28T19:00:00.000Z,0.04605115184869235,0.04794520547945205,Sell,-7.615819209039543,10.99936,2,143,0.0478,4,Qualified,0.002557544757033181,0.0,1.955,NWN**stock
CDUAF,0.0491665113706725,Neutral,1,other,,10.4,Neutral,,54,23,,,0.7252000937386479,1,0.01003982399295178,0.008010689149354322,,,,,5,1.2620950778291995,,31.73,2025-05-01T00:00:00.000+00:00,0.23413774617515107,Canadian Utilities Ltd,3.35,ForeignOrdinary,274,82,integrated-utilities,,0.01002964179368071,54,0.00671656414779398,2,1.745278,1.2656757692,24.11476,0.028300191704505373,,70,21.3,0.029889097143601884,0.0,,,9.399828377892177,,0.07097108884554304,,,DividendActive,,6,,0.7252000937386479,0.3164189423,,0,,4,1.0,0.7252000937386479,0.14024349660227187,0.03483177423213646,Neutral,0.04490279205390468,,3.35,Regular,Estimated,0.06197406490447688,,2025-05-30T00:00:00.000+00:00,0.0596163550345552,utilities,0.023211278318193473,,13.791499119338008,No change,,,2005-08-08,2025-04-11T00:00:00.000+00:00,Canadian Utilities Ltd. - Ordinary Shares - Class A,OTC,92,24.07,16.674474154307536,0.5356639526651173,23.77,,8853073205,7,1.0,3,stock,CAD,127,2025-02-28T15:55:19.000Z,0.01615744356344484,0.052583122941420854,,-24.14119130160731,27.85761,3,143,0.0543,,Qualified,0.010152284263959421,0.0,1.3069442192,CDUAF**stock
UVV,,Neutral,1,tobacco,,6.2,Fair,5,56,29,5,,-1.4794520547945207,1,0.010837458019941515,0.008223751512055344,5,,,,5,1.2082310741929405,-24.47945205479452,59.13,2025-04-14T00:00:00.000+00:00,0.21852079464821791,UNIVERSAL,2.65,Commons,19,141,consumer-products,,0.009434519443984435,55,0.00519759856183577,2,,3.24,6.92445,0.08195919456466116,,73,45.19,0.06566213202773796,0.0,-1.4794520547945207,4.06,11.381743196881661,,0.09083085087225062,,5,DividendNoChange,,2,5,,0.81,2,2,,4,0.8917,,0.1877008040474264,0.04283726192344739,Neutral,0.04481613898592407,,2.65,Regular,Declared,0.033077529462111066,,2025-05-05T00:00:00.000+00:00,0.03186990293443359,consumer-staples,0.06009454348213206,,,No change,0,,1990-01-02,2025-02-05T00:00:00.000+00:00,UNIVERSAL CORPORATION,NYSE,102,53.61,15.853751796257246,0.39713589774708635,52.97,,1307969971,11,0.8917,4,stock,USD,18,2025-02-28T19:00:00.000Z,-0.006487015615975755,0.0604364857302742,,-9.335362760020294,10.11207,3,142,0.0602,,Qualified,0.003095975232198178,0.0,3.2300000000000004,UVV**stock
MO,0.03606196227089143,Fair,1,tobacco,3,20.5,Fair,5,57,29,5,5,0.737331852645675,1,0.03713728933664817,0.02996744995959233,5,,,2,5,1.3979665940450312,11.71870485546461,58.03,2025-03-25T00:00:00.000+00:00,0.21852079464821791,ALTRIA GROUP,4.0,Commons,132,141,consumer-products,3,0.03499308487181674,56,0.020413775479336982,6,5.533465,4.08,36.73435,0.1582821222729569,,73,39.25,0.06547839035720426,0.0,0.8560844370688561,2.04,11.381743196881661,,0.09663163220354698,,5,DividendNoChange,,30,5,0.737331852645675,1.02,3,3,5,4,1.0,0.737331852645675,0.48538988444218556,0.056718303852194785,Fair,0.06517273882237062,,4.0,Regular,Declared,0.014488052647620098,,2025-04-30T00:00:00.000+00:00,0.010359906325229318,consumer-staples,0.11641862806879621,,10.09313332604435,No change,4,4,1990-01-02,2025-02-27T00:00:00.000+00:00,"ALTRIA GROUP, INC.",NYSE,102,55.85,15.853751796257246,0.39713589774708635,55.08,,93121648438,31,1.0,4,stock,USD,130,2025-02-28T19:00:00.000Z,0.06808185121438148,0.07305282005371531,,-3.7566775805617736,37.67951,7,143,0.0716,3,Qualified,0.020000000000000018,0.0,4.0,MO**stock
